instance_id,parent_instance_id,ostium_x_mm,ostium_y_mm,ostium_z_mm,seed_x_mm,seed_y_mm,seed_z_mm,dir_x,dir_y,dir_z,radius_mm
branch_001,aorta,8.02,31.44,-988.84,4.04,32.48,-986.0,-0.7961,0.2081,0.5682,1.113
branch_002,aorta,22.09,35.35,-994.44,18.16,33.12,-996.57,-0.786,-0.4473,-0.4267,0.749
branch_003,aorta,22.09,29.1,-1030.44,18.26,26.19,-1029.07,-0.7668,-0.5807,0.2736,0.96
branch_004,aorta,16.62,39.26,-1053.64,14.33,37.47,-1049.57,-0.4585,-0.3585,0.8132,0.959
branch_005,aorta,21.31,34.57,-972.84,22.37,33.21,-977.53,0.2117,-0.2728,-0.9385,0.782
branch_006,aorta,20.53,35.35,-959.24,19.04,34.42,-954.56,-0.2988,-0.187,0.9358,0.174
branch_007,aorta,18.96,28.32,-1013.64,19.52,28.29,-1008.67,0.112,-0.0055,0.9937,0.666
branch_008,aorta,11.14,35.35,-1039.24,11.7,36.45,-1034.39,0.1105,0.2186,0.9695,0.67
branch_009,aorta,11.14,36.13,-1052.04,10.85,36.43,-1047.06,-0.0584,0.0584,0.9966,0.733
